post_id,title,status,City,Address
12503,"Border Report",publish,"Houston, TX","7700 Westpark Drive, Houston, Texas 77063, United States"
12520,"CW Atlanta (Encompass)",publish,"Atlanta, GA","3845 Pleasantdale Road"
12521,"CW Burbank (The Pointe)",publish,"Burbank, CA","2900 West Alameda Avenue, Burbank, CA, USA"
12415,"KAMR KCIT KCPN",publish,"Amarillo, TX","1015 S Fillmore St Amarillo TX"
12464,"KARD KTVE",publish,"Monroe, LA","200 Pavilion Road West Monroe LA"
12458,"KARK KARZ KLRT KASN",publish,"Little Rock, AR","1401 W. Capitol Avenue Little Rock AR"
12522,KAZT,publish,"Phoenix, AZ","4343 East Camelback Road suite 130, Phoenix, AZ 85018, USA"
12482,KCAU,publish,"Sioux City, IA","5993 Gordon Drive Sioux City IA"
12473,KCLO,publish,"Rapid City, SD","3615 Canyon Lake Dr. Rapid City SD"
12434,KDAF,publish,"Dallas, TX","8001 John W. Carpenter Freeway Dallas TX"
12387,"KDVR KWGN",publish,"Denver, CO","100 East Speer Boulevard, Denver, Colorado 80203, United States"
12403,"KELO KDLO KPLO",publish,"Sioux Falls, SD","501 S. Phillips Avenue Sioux Falls, SD 57104"
12489,"KETK KFXK KLPN-LD",publish,"Tyler, TX","4300 Richmond Rd. Tyler TX"
12495,"KFDX KJTL KJBO-LP",publish,"Wichita Falls, TX","4500 Seymour Hwy. Wichita Falls TX"
12395,"KFOR KAUT",publish,"Oklahoma City, OK","444 East Britton Road, Oklahoma City, Oklahoma 73114, United States"
12418,"KGET KKEY",publish,"Bakersfield, CA","2120 L Street Bakersfield CA"
12451,"KHON KGMD KGMV KHII KHAW KAII",publish,"Honolulu, HI","88 Piikoi Street Honolulu HI"
12405,KIAH,publish,"Houston, TX","7700 Westpark Drive, Houston, Texas 77063, United States"
12457,KLAS,publish,"Las Vegas, NV","3228 Channel 8 Dr. Las Vegas NV"
12459,"KLBK KAMC",publish,"Lubbock, TX","7403 S University Lubbock TX"
12455,KLFY,publish,"Lafayette, LA","1808 Eraste Landry Rd. Lafayette LA"
12478,"KLST KSAN",publish,"San Angelo, TX","2800 Armstrong St. San Angelo TX"
12461,"KMID KPEJ",publish,"Midland, TX","1550 W. Interstate H 20 Odessa TX"
12384,"KNWA KFTA KXNW",publish,"Fayetteville, AR","609 West Dickson Street, Fayetteville, Arkansas 72701, United States"
12469,"KOIN KRCW",publish,"Portland, OR","222 SW Columbia Street Suite 102 Portland OR;10255 Southwest Arctic Drive, Beaverton, Oregon 97005, United States, ;"
12485,"KOLR KOZL KRBK",publish,"Springfield, MO","2650 E. Division Street Springfield MO"
12443,"KREX KGJT-CD KFQX",publish,"Grand Junction, CO","345 Hillcrest Manor Grand Junction CO"
12479,KRON,publish,"San Francisco, CA","900 Front Street San Francisco CA"
12412,"KRQE KBIM KREZ KWBQ KASY KRWB",publish,"Albuquerque, NM","13 Broadcast Plaza Albuquerque NM"
12442,"KSEE KGPE",publish,"Fresno, CA","5035 E. McKinley Ave. Fresno CA"
12453,"KSNF KODE",publish,"Joplin, MO","1502 S Cleveland Ave, Joplin, Missouri 64801, United States"
12487,"KSNT KTKA KTMJ-CD",publish,"Topeka, KS","6835 US 24 Topeka KS 66618"
12494,KSNW,publish,"Wichita, KS","833 N. Main Street Wichita KS 67203"
12420,"KSVI KHMT",publish,"Billings, MT","445 South 24th Street Billings MT"
12397,"KSWB KUSI",publish,"San Diego, CA","4575 Viewridge Ave, San Diego, CA 92123, USA"
12411,"KTAB KRBC",publish,"Abilene, TX","4510 South 14th Abilene TX"
12481,"KTAL KMSS KSHV",publish,"Shreveport, LA","3150 North Market Street Shreveport LA"
12406,KTLA,publish,"Los Angeles, CA","Sunset Bronson Studios, 5800 W Sunset Blvd, Los Angeles, California 90028, United States"
12437,KTSM,publish,"El Paso, TX","3801 Constitution Ave (Building D) El Paso TX"
12398,"KTVI KPLR",publish,"St. Louis, MO","2250 Ball Drive, Saint Louis, Missouri 63146, United States"
12402,"KTVX KUCW",publish,"Salt Lake, UT","2175 1700 South, Salt Lake City, Utah 84104, United States"
12407,KTXL,publish,"Sacramento, CA","4655 Fruitridge Road, Sacramento, California 95820, United States"
12448,"KVEO KGBT",publish,"Harlingen, TX","9201 West Expressway 83, Harlingen, TX, USA"
12491,"KWKT KYLE",publish,"Waco, TX","8803 Woodway Drive Waco TX"
12417,"KXAN KNVA KBVO",publish,"Austin, TX","908 W. Martin Luther King Jr. Blvd. Austin TX"
12462,"KXMA KXMC",publish,"Minot, ND","2121 2nd Street SE Minot ND"
12423,"KXMB KXMD KXMA KXMC",publish,"Bismarck, ND","1811 North 15th Street Bismarck ND"
12431,"KXRM KXTU-LD",publish,"Colorado Springs, CO","560 Wooten Road Colorado Springs CO"
12513,"Nashville Design Center NDC",publish,"Nashville, TN",
12499,"NewsNation Chicago",publish,"Chicago, IL","2501 West Bradley Place, Chicago, Illinois 60618, United States"
12506,"NewsNation Dallas Bureau",publish,"Dallas, TX","8001 John W. Carpenter Freeway Dallas TX"
12509,"NewsNation DC Bureau",publish,"Washington, DC","400 North Capitol Street Northwest, Washington, District of Columbia 20001, United States"
12516,"NewsNation Digital",publish,"Chicago, IL","303 East Wacker Drive, Chicago, IL, USA"
12512,"NewsNation Feed Room",publish,"Chicago, IL","25101 West Bradley Place, Chicago, IL, USA"
12507,"NewsNation LA Bureau",publish,"Los Angeles, CA","Sunset Bronson Studios, 5800 W Sunset Blvd, Los Angeles, California 90028, United States"
12502,"NewsNation Miami Bureau",publish,"Miami, FL","7290 Northwest 1st Court, Miami, FL 33150, USA"
12508,"NewsNation NYC Bureau",publish,"New York, NY","220 East 42nd Street, New York, NY, USA"
12511,"NewsNation Shows Daybook",publish,"Chicago, IL","2501 West Bradley Place, Chicago, IL, USA"
12504,"Nexstar Content Desk",publish,"Dallas, TX","545 East John Carpenter Freeway, Irving, Texas 75062, United States"
12500,"Nexstar National Digital Content",publish,"Dallas, TX","545 East John Carpenter Freeway, Irving, Texas 75062, United States"
14193,"Nexstar New York",publish,"New York, NY","1301 Avenue of the Americas 7th Floor New York, NY 10019"
12498,"Nexstar Washington Bureau",publish,"Washington, DC","400 North Capitol Street Northwest, Washington, District of Columbia 20001, United States"
12515,"Rewind TV",publish,"Chicago, IL",
12517,"The Hill",publish,"Washington, DC","400 North Capitol St NW, Washington, DC, USA, Suite 790"
12441,WANE,publish,"Fort Wayne, IN","2915 West State Blvd. Fort Wayne IN"
12393,WATE,publish,"Knoxville, TN","1306 North Broadway, Knoxville, Tennessee 37917, United States"
12401,"WAVY WVBT",publish,"Norfolk, Va","300 Wavy Street, Portsmouth, Virginia 23704, United States"
12400,WBOY,publish,"Clarksburg, WV","904 East Pike Street, Clarksburg, West Virginia 26301, United States"
12496,"WBRE WYOU",publish,"Wilkes-Barre, PA","62 South Franklin Street Wilkes-Barre PA"
12465,WBTW,publish,"Myrtle Beach, SC","101 McDonald Court Myrtle Beach SC"
12428,WCBD,publish,"Charleston, SC","210 West Coleman Blvd Mount Pleasant SC"
12427,"WCIA WCIX",publish,"Champaign, IL","509 South Neil Champaign IL"
12433,WCMH,publish,"Columbus, OH","3165 Olentangy River Rd, Columbus, Ohio 43202, United States"
12392,WDAF,publish,"Kansas City, MO","3030 Southwest Trafficway, Kansas City, Missouri 64108, United States"
12587,"WDCW / WDVM",publish,"Washington, DC","2121 Wisconsin Avenue Northwest, Washington, District of Columbia 20007, United States"
12436,WDHN,publish,"Dothan, AL","5274 East State Hwy 52 Webb AL"
12505,WDKY,publish,"Lexington, KY","836 Euclid Avenue Suite 201 Lexington, KY 40502"
12435,"WDTN WBDT",publish,"Dayton, OH","4595 South Dixie Drive Moraine OH"
12447,"WDVM WDCW Bureau",publish,"Hagerstown, MD","13 East Washington St. Hagerstown MD"
12519,"Weather Center",publish,"Dallas, TX","8001 John W. Carpenter Freeway Dallas TX"
12440,"WEHT WTVW",publish,"Evansville, IN","800 Marywood Dr. Henderson KY"
12438,WETM,publish,"Elmira, NY","101 E. Water St. Elmira NY"
12426,"WFFF WVNY",publish,"Burlington, VT","298 Mountain View Dr. Colchester VT"
12399,"WFLA WTTA WSNN",publish,"Tampa, FL","200 S Parker Street, Tampa, Florida 33606, United States"
12445,WFRV,publish,"Green Bay, WI","1181 E. Mason Street Green Bay WI"
12475,"WFXR WWCW",publish,"Roanoke, VA","5305 ValleyPark Dr. Ste. 1 Roanoke VA"
12490,"WFXV WPNY-LP WUTR",publish,"Utica, NY","5956 Smith Hill Road Utica NY"
12389,WGHP,publish,"Greensboro, NC","2005 Francis Street, High Point, North Carolina 27263, United States"
12586,"WGMB WVLA WBRL-CD KZUP-CD",publish,"Baton Rouge, LA","10000 Perkins Road Baton Rouge LA"
12501,"WGN Radio",publish,"Chicago, IL","303 East Wacker Drive, Chicago, Illinois 60601, United States"
12385,"WGN TV",publish,"Chicago, IL","2501 West Bradley Place, Chicago, Illinois 60618, United States"
12394,"WGNO WNOL",publish,"New Orleans, LA","1 Galleria Boulevard, Metairie, LA 70001, USA, Ste 850"
12471,"WHBF KGCW KLJB",publish,"Rock Island, IL","231 18th Street, Rock Island, IL 61201, United States"
12450,WHLT,publish,"Hattiesburg, MS","5219 Hwy 49, Suite A Hattiesburg MS"
12390,"WHNT WHDF",publish,"Huntsville, AL","200 Holmes Avenue Northwest, Huntsville, Alabama 35801, United States"
12388,WHO,publish,"Des Moines, IA","1801 Grand Avenue, Des Moines, Iowa 50309, United States"
12449,WHTM,publish,"Harrisburg, PA","3235 Hoffman Street Harrisburg PA"
12422,WIAT,publish,"Birmingham, AL","2075 Golden Crest Drive Birmingham AL"
12425,"WIVB WNLO",publish,"Buffalo, NY","2077 Elmwood Avenue Buffalo NY"
12421,"WIVT WBGH-CD",publish,"Binghamton, NY","203 Ingraham Hill Rd. Binghamton NY"
12416,WJBF,publish,"Augusta, GA","1336 Augusta West Parkway Augusta GA"
12439,"WJET WFXP",publish,"Erie, PA","8455 Peach Street Erie PA"
12488,WJHL,publish,"Johnson City, TN","338 East Main Street, Johnson City, Tennessee 37601, United States"
12460,WJMN,draft,"Marquette, MI","3165 Wright Street, Suite 101 Marquette MI"
12452,WJTV,publish,"Jackson, MS","1820 TV Road Jackson MS"
12386,"WJW WBNX",publish,"Cleveland, OH","5800 South Marginal Road, Cleveland, Ohio 44103, United States"
12430,"WJZY WMYT",publish,"Charlotte, NC","3501 Performance Road Charlotte NC"
12409,"WKBN WYTV WYFX-LD",publish,"Youngstown, OH","3930 Sunset Blvd. Youngstown, OH 44512"
12463,"WKRG WFNA",publish,"Mobile, AL","555 Broadcast Dr. Mobile AL"
12408,WKRN,publish,"Nashville, TN","441 Murfreesboro Pike, Nashville, TN 37210"
12454,"WLAX WEUX",publish,"La Crosse, WI","1305 Interchange Pl La Crosse WI"
12456,"WLNS WLAJ",publish,"Lansing, MI","2820 East Saginaw Street Lansing MI"
12467,WMBB,publish,"Panama City, FL","613 Harrison Ave Panama City FL"
12468,"WMBD WYZZ",publish,"Peoria, IL","3131 North University Street Peoria IL"
12472,WNCN,publish,"Raleigh, NC","1205 Front Street Raleigh NC"
12446,WNCT,publish,"Greenville, NC","3221 South Evans St. Greenville NC"
12413,WNTZ,publish,"Alexandria, LA","4615 Parliament Dr., Ste. 201 Alexandria LA"
12444,"WOOD WOTV WXSP-CD",publish,"Grand Rapids, MI","120 College Ave SE Grand Rapids MI"
12429,WOWK,publish,"Charleston, WV","350 Quarrier Street Charleston WV"
12396,WPHL,publish,"Philadelphia, PA","5001 Wynnefield Avenue, Philadelphia, Pennsylvania 19131, United States"
12510,WPIX,publish,"New York, NY","220 East 42nd Street, New York, NY, USA"
12470,"WPRI WNAC",publish,"Providence, RI","25 Catamore Blvd. East Providence RI"
12477,"WQRF WTVO",publish,"Rockford, IL","1917 North Meridian Road, Rockford, Illinois 61101, United States"
12432,WRBL,publish,"Columbus, GA","1350 13th Ave Columbus GA"
12383,"WREG WJKT",publish,"Memphis, TN","803 Channel 3 Drive, Memphis, Tennessee 38103, United States"
12474,WRIC,publish,"Richmond, VA","301 Arboretum Place North Chesterfield VA"
12476,WROC,publish,"Rochester, NY","201 Humboldt Street Rochester NY"
12480,WSAV,publish,"Savannah, GA","1430 East Victory Dr Savannah GA"
12518,WSNN,publish,"Sarasota, FL","2040 6th Street, Sarasota, FL, USA"
12483,"WSPA WYCW",publish,"Spartanburg, SC","250 International Dr Spartanburg SC"
12404,WSYR,publish,"Syracuse, NY","5904 Bridge Street East Syracuse, NY 13057"
12414,WTAJ,publish,"Altoona, PA","5000 6th Avenue Altoona PA"
12410,"WTEN WXXA",publish,"Albany, NY","341 Northern Blvd. Albany, NY"
12466,"WTNH WCTX",publish,"New Haven, CT","8 Elm Street, New Haven, Connecticut 06510, United States"
12493,WTRF,publish,"Wheeling, WV","96 16th Street Wheeling WV"
12486,"WTWO WAWV",publish,"Terre Haute, IN","10849 N. US Hwy 41 Farmersburg IN"
12424,WVNS,publish,"Beckley, WV","141 Old Cline Road Ghent WV"
12484,WWLP,publish,"Springfield, MA","One Broadcast Center Chicopee MA"
12492,WWTI,publish,"Watertown, NY","105 Court St. Watertown NY"
12391,"WXIN WTTV",publish,"Indianapolis, IN","6910 Network Place, Indianapolis, Indiana 46278, United States"
